actual_price,predicted_price,residuals,abs_error_pct,prediction_fairness
160000.0,134660.06033626373,25339.939663736266,0.15837462289835166,1.1881771001769874
141400.0,132418.2516542797,8981.74834572029,0.06352014388769654,1.067828628104606
49400.0,33984.87469045969,15415.125309540308,0.3120470710433261,1.4535878225223433
69100.0,91597.82107242662,-22497.821072426625,0.3255835176906892,0.7543847570933205
81000.0,107028.92131366541,-26028.921313665414,0.3213447075761162,0.7568047870221593
52000.0,72822.40125231011,-20822.401252310112,0.400430793313656,0.7140659893901868
186750.0,134721.63248076392,52028.36751923608,0.27859902286070193,1.3861916350120305
50000.0,75568.15057773728,-25568.15057773728,0.5113630115547456,0.6616544088711657
170000.0,165887.52510204946,4112.474897950538,0.024191028811473756,1.0247907423745135
78600.0,83920.28849868765,-5320.288498687645,0.06768814883826521,0.9366030718689576
125000.0,76238.8890837687,48761.11091623129,0.39008888732985036,1.6395831773290168
52000.0,68825.63330742766,-16825.633307427663,0.3235698712966858,0.7555324593633367
16500.0,50559.48530448778,-34059.48530448778,2.064211230575017,0.32634825890000546
61700.0,72207.2313789904,-10507.2313789904,0.17029548426240518,0.8544850539436746
85000.0,112862.99094740118,-27862.99094740118,0.3277998934988374,0.7531255311106677
45000.0,67015.33143297979,-22015.331432979787,0.4892295873995508,0.671488136188706
347562.0,231947.55529468643,115614.44470531357,0.3326440885520096,1.4984508009081057
147500.0,146861.46450797084,638.5354920291575,0.0043290541832485254,1.0043478763756608
52000.0,37612.040320122556,14387.959679877444,0.27669153230533544,1.3825360059549825
120000.0,102788.74787725792,17211.25212274208,0.14342710102285067,1.1674429592555635
61200.0,57521.02265842195,3678.977341578051,0.06011400884931456,1.0639588305553083
120000.0,110626.03539377237,9373.96460622763,0.07811637171856359,1.0847356101378947
12000.0,-23810.1355547501,35810.1355547501,2.9841779628958416,-0.5039870509097547
26000.0,38561.46278275858,-12561.46278275858,0.483133183952253,0.6742482811524723
28000.0,39163.20290959024,-11163.20290959024,0.39868581819965143,0.7149568451957078
58000.0,61342.779663658934,-3342.7796636589337,0.05763413213205058,0.9455065505347603
59250.0,81851.61683413637,-22601.616834136366,0.38146188749597243,0.7238708566999214
120000.0,112538.53099407355,7461.469005926454,0.06217890838272045,1.0663014608420593
25000.0,-1935.8752676107688,26935.87526761077,1.0774350107044308,-12.914055165782795
21796.0,53446.690262534365,-31650.690262534365,1.45213297222125,0.40780822709388226
33200.0,53394.98054213598,-20194.980542135978,0.6082825464498789,0.6217812922284078
120000.0,87197.5196393978,32802.4803606022,0.2733540030050184,1.3761859339148141
230000.0,238064.49149333517,-8064.491493335168,0.0350630064927616,0.9661247612243721
110000.0,103197.0855681788,6802.914431821206,0.06184467665292005,1.0659215751526894
45000.0,68781.02585571556,-23781.02585571556,0.5284672412381236,0.6542502011295691
94000.0,166195.63020751678,-72195.63020751678,0.7680386192289019,0.5655985051028647
67500.0,51097.71791663839,16402.282083361613,0.24299677160535724,1.3209983293210972
82000.0,91529.58742171904,-9529.587421719043,0.11621448075267125,0.8958851701383528
42000.0,66241.50745908235,-24241.50745908235,0.5771787490257703,0.634043541746745
72000.0,88454.05762453031,-16454.05762453031,0.22852857811847652,0.8139818786564379
19280.0,-4446.147038870084,23726.147038870084,1.2306092862484483,-4.336338819082263
250000.0,214401.66557487217,35598.33442512783,0.14239333770051132,1.166035717724853
41000.0,50143.006146039814,-9143.006146039814,0.2230001499034101,0.8176613879229515
39000.0,31085.296464501094,7914.703535498906,0.20294111629484374,1.254612451405679
259375.0,227594.13398889624,31780.86601110376,0.12252864004280968,1.1396383353740316
150000.0,132734.39215639204,17265.607843607955,0.1151040522907197,1.1300763695310032
197200.0,139280.48835205229,57919.511647947715,0.29370949111535355,1.415847993737267
58000.0,60379.322980469384,-2379.3229804693838,0.041022810008092825,0.960593745291927
90000.0,111888.61560182048,-21888.61560182048,0.24320684002022755,0.8043713787672931
14000.0,980.3090939254616,13019.690906074538,0.929977921862467,14.281209964032525
61740.0,71072.91312441239,-9332.913124412386,0.15116477363803668,0.8686853723291851
30000.0,47390.38758003077,-17390.387580030772,0.5796795860010258,0.6330397688631969
89500.0,136952.93908383546,-47452.93908383546,0.530200436690899,0.6535091586841576
69400.0,75923.43730969864,-6523.437309698638,0.09399765575934638,0.9140787411522355
100000.0,73288.7843257944,26711.215674205596,0.26711215674205596,1.3644652578144134
48600.0,74105.12716501867,-25505.127165018668,0.5247968552472977,0.6558250671613669
55000.0,70433.37023627001,-15433.370236270013,0.2806067315685457,0.7808798558907731
100000.0,108221.55408154159,-8221.554081541588,0.08221554081541588,0.9240303454213298
900000.0,1151177.1655172661,-251177.16551726614,0.279085739463629,0.7818084192067839
80400.0,104227.12717822456,-23827.12717822456,0.29635730321174825,0.7713922677972209
35000.0,52241.051668780914,-17241.051668780914,0.49260147625088324,0.6699711985491266
50000.0,63734.6562706806,-13734.6562706806,0.274693125413612,0.7845025442304165
23000.0,22686.787624220713,313.21237577928696,0.01361792938170813,1.0138059376658906
100000.0,113705.55226061714,-13705.552260617143,0.13705552260617143,0.8794645293204018
79999.0,83091.74546272322,-3092.745462723222,0.038659801531559415,0.9627791491742017
66000.0,97803.55340694188,-31803.55340694188,0.4818720213173012,0.6748221071824111
215000.0,238160.22511370428,-23160.225113704277,0.10772197727304315,0.9027535974882164
120000.0,149122.74558204235,-29122.74558204235,0.24268954651701957,0.8047062138751999
70000.0,89033.60701608905,-19033.607016089052,0.27190867165841504,0.7862199718287328
100000.0,111676.9284107514,-11676.928410751396,0.11676928410751396,0.8954401005030934
113900.0,113900.57994298868,-0.5799429886828875,5.091685589840979e-06,0.9999949083403353
45000.0,51759.044311759964,-6759.044311759964,0.15020098470577697,0.8694132706344373
150000.0,151501.27267074838,-1501.2726707483816,0.010008484471655877,0.9900906926768132
90000.0,115679.43700568039,-25679.43700568039,0.28532707784089323,0.7780120852038775
390000.0,443566.34389009606,-53566.34389009606,0.13734959971819502,0.87923713187904
20800.0,6528.78342927323,14271.21657072677,0.6861161812849409,3.185892168935892
126200.0,123910.64937440242,2289.350625597581,0.0181406547194737,1.0184758181573255
21000.0,58383.583473940904,-37383.583473940904,1.7801706416162335,0.35969015175941027
160000.0,164451.1985081152,-4451.198508115194,0.027819990675719965,0.9729330126597068
875000.0,898299.5549014852,-23299.554901485215,0.02662806274455453,0.9740625999708522
125500.0,143078.01767831645,-17578.01767831645,0.1400638858829996,0.877143827098323
20000.0,11826.606666455627,8173.393333544373,0.4086696666772186,1.6911021533105486
105000.0,143365.678907238,-38365.678907238005,0.3653874181641715,0.7323928627850897
41500.0,45678.3377401543,-4178.337740154297,0.10068283711215173,0.9085269309946614
360000.0,438898.67266030883,-78898.67266030883,0.21916297961196898,0.8202348797683117
80000.0,92645.23786093915,-12645.237860939145,0.1580654732617393,0.8635090356190818
29900.0,32256.19649732829,-2356.1964973282884,0.07880255843907319,0.9269536785738688
49100.0,35511.750898901286,13588.249101098714,0.276746417537652,1.3826409218678972
142000.0,125183.43796713252,16816.562032867485,0.11842649318920764,1.1343353586221425
125000.0,129570.08650657715,-4570.08650657715,0.0365606920526172,0.9647288457560367
35000.0,42728.528130090155,-7728.528130090155,0.2208150894311473,0.8191248688332984
30000.0,15558.175725477864,14441.824274522136,0.4813941424840712,1.9282466356818682
64000.0,43817.77956843231,20182.220431567694,0.3153471942432452,1.4605943210802856
63000.0,47136.74339517593,15863.25660482407,0.25179772388609634,1.3365369659043427
38000.0,36788.74305109115,1211.2569489088492,0.031875182866022346,1.032924662504144
66000.0,95824.7255406736,-29824.725540673593,0.4518897809192969,0.6887575166806583
42000.0,38628.59363172675,3371.406368273252,0.08027158019698219,1.0872774815571908
48500.0,66555.84139731302,-18055.841397313023,0.37228538963532004,0.728711394548729
53800.0,63825.049386232306,-10025.049386232306,0.18633920792253356,0.8429292341700121
24000.0,32740.00344197839,-8740.003441978391,0.36416681008243296,0.7330481819445326
120000.0,85982.38681517745,34017.61318482255,0.28348010987352124,1.3956346694346222
51000.0,56143.33857631413,-5143.338576314127,0.10084977600615935,0.9083891569910306
48700.0,39775.394899109495,8924.605100890505,0.18325677825237177,1.224375021882946
99500.0,110162.48791298308,-10662.48791298308,0.10716068254254352,0.9032112644241901
207500.0,136769.97880710574,70730.02119289426,0.34086757201394824,1.517145807945534
123700.0,145504.2681511526,-21804.268151152588,0.17626732539331114,0.8501468827807724
40000.0,36643.468928170914,3356.5310718290857,0.08391327679572715,1.0915997084885334
137400.0,107612.50887768454,29787.491122315463,0.2167939674113207,1.2768032400041225
60000.0,109775.11215280835,-49775.112152808346,0.8295852025468058,0.546571976318997
570625.0,457198.9993151752,113426.00068482477,0.19877502858238733,1.2480889084506357
220000.0,211841.37494699622,8158.62505300378,0.037084659331835364,1.0385128969968453
37830.0,16462.180519247428,21367.819480752572,0.5648379455657566,2.2979944823086784
25500.0,27887.25046288385,-2387.2504628838506,0.09361766521113139,0.9143963487522325
191958.0,125578.02334431579,66379.97665568421,0.34580468985759494,1.5285954889867985
165000.0,124799.26244575497,40200.73755424503,0.2436408336620911,1.3221231982177668
112000.0,143478.53442777996,-31478.53442777996,0.2810583431051782,0.7806045722914412
165000.0,119490.8652778015,45509.134722198505,0.27581293771029397,1.3808586925569197
99000.0,80788.14766082048,18211.852339179517,0.18395810443615673,1.2254272794524246
570625.0,456409.4454171499,114215.55458285008,0.2001586936829793,1.250248008076299
118000.0,103499.11592809435,14500.884071905646,0.122888848066997,1.1401063568695609
25000.0,-27575.576150069013,52575.57615006901,2.1030230460027606,-0.9065993712678033
3900.0,-13108.108615428995,17008.108615428995,4.36105349113564,-0.29752576168078715
18000.0,13969.052277796261,4030.9477222037385,0.22394154012242992,1.2885627200787924
21500.0,74429.06952037336,-52929.06952037336,2.46181718699411,0.2888656292299185
93000.0,169329.91013699042,-76329.91013699042,0.8207517219031228,0.5492237013812953
45000.0,56142.02758953674,-11142.027589536738,0.24760061310081638,0.8015385608977669
65000.0,137241.8725011872,-72241.8725011872,1.1114134230951878,0.4736163884636427
125000.0,142582.65949226567,-17582.659492265666,0.14066127593812533,0.8766844470787878
125000.0,91593.11761292265,33406.88238707735,0.2672550590966188,1.3647313603654871
90000.0,115241.29387450746,-25241.293874507464,0.2804588208278607,0.7809700583369527
515000.0,528426.4252539973,-13426.425253997324,0.02607072864853849,0.9745916846464602
32000.0,34342.38542167633,-2342.3854216763284,0.07319954442738526,0.931793164833627
120000.0,80300.20155784782,39699.79844215218,0.33083165368460155,1.4943922639291594
95000.0,177072.49062959186,-82072.49062959186,0.8639209539957038,0.5365034380113015
85000.0,81326.31402007211,3673.68597992789,0.04321983505797518,1.0451721687401347
544687.0,454423.22389243,90263.77610756998,0.16571678066039758,1.1986337215215415
145000.0,130179.53072529542,14820.469274704577,0.10221013292899708,1.1138463873093742
165000.0,119082.31891816162,45917.68108183838,0.27828897625356597,1.3855961279473819
270000.0,233554.89628104557,36445.10371895443,0.13498186562575715,1.1560451281445139
22950.0,32575.75321379077,-9625.75321379077,0.4194227979865259,0.7045117222426722
18600.0,-10064.152391907759,28664.15239190776,1.5410834619305247,-1.848143716002912
55500.0,51896.77820779936,3603.2217922006384,0.06492291517478628,1.0694305488054194
120000.0,128277.33587714171,-8277.335877141712,0.06897779897618093,0.935473122975758
26000.0,65196.98575482424,-39196.98575482424,1.5075763751855478,0.3987914425641393
82050.0,116703.81030140056,-34653.81030140056,0.4223499122656985,0.7030618776550376
181562.0,133593.25711763962,47968.742882360384,0.26420034413787236,1.3590655989480072
16000.0,22813.31999640132,-6813.319996401318,0.4258324997750824,0.7013446531466668
88187.0,75543.9795483746,12643.020451625402,0.14336603412776716,1.167359735709044
105786.0,106554.74638435747,-768.746384357466,0.007266995484822812,0.9927854327428598
113000.0,79022.0610514395,33977.938948560506,0.30068972520850007,1.4299804193469787
50400.0,77806.16106201225,-27406.161062012252,0.5437730369446876,0.6477636129590139
33500.0,24891.383247015736,8608.616752984264,0.2569736344174407,1.3458472623861257
520000.0,455634.5314750414,64365.46852495859,0.1237797471633819,1.141265562811023
800000.0,699514.6388220787,100485.3611779213,0.1256067014724016,1.1436501190984791
58000.0,45218.446762706735,12781.553237293265,0.22037160753953905,1.2826623679571998
62900.0,100996.3161633272,-38096.316163327196,0.6056648038684769,0.6227949928221208
60800.0,66220.67222273618,-5420.672222736175,0.08915579313710814,0.918142295437541
400000.0,435683.76577258547,-35683.765772585466,0.08920941443146367,0.9180970957012629
190000.0,122533.29272722574,67466.70727277426,0.3550879330146014,1.5505989904553001
95000.0,109033.71243277685,-14033.712432776854,0.14772328876607216,0.8712901531126978
39000.0,30563.535231209593,8436.464768790407,0.2163196094561643,1.2760303971700109
80000.0,79380.44171407726,619.5582859227434,0.007744478574034292,1.00780492363792
50000.0,34645.4152271786,15354.5847728214,0.307091695456428,1.4431924014227444
47000.0,68092.18355929665,-21092.183559296653,0.4487698629637586,0.6902407522160166
85900.0,104245.9338837556,-18345.9338837556,0.21357315347794645,0.8240129547478263
700000.0,689068.8270037111,10931.172996288864,0.015615961423269806,1.0158636881656962
65000.0,100808.8078774554,-35808.8078774554,0.550904736576237,0.6447849287039968
41000.0,60029.88274915598,-19029.88274915598,0.4641434816867312,0.6829931714397104
169912.0,210324.90306027333,-40412.903060273326,0.2378460795015851,0.807854883219929
100000.0,148698.43416430725,-48698.434164307255,0.4869843416430725,0.6725020378459603
640000.0,549632.890253377,90367.10974662297,0.1411986089790984,1.1644135774061197
207500.0,222898.7632006418,-15398.763200641813,0.07421090699104488,0.930915887645457
111200.0,113580.99152341792,-2380.9915234179207,0.021411794275341012,0.9790370598857907
70000.0,72567.39892410458,-2567.3989241045783,0.036677127487208264,0.9646204912650966
139000.0,115331.82739383531,23668.17260616469,0.17027462306593302,1.2052180490069109
30000.0,18483.17944487481,11516.820555125189,0.38389401850417293,1.6230973729099774
63000.0,100598.38087523961,-37598.380875239614,0.5967996964323748,0.6262526240668974
55000.0,57597.327607150946,-2597.3276071509463,0.04722413831183539,0.9549054146250272
45000.0,36807.74965955064,8192.250340449362,0.18205000756554138,1.2225686279716286
120000.0,152712.90833552304,-32712.90833552304,0.272607569462692,0.785788191109228
59800.0,49700.007059249125,10099.992940750875,0.1688962030225899,1.203219144993487
110000.0,103552.18874853883,6447.811251461171,0.05861646592237428,1.0622662961486862
37000.0,50658.52071844941,-13658.520718449407,0.3691492086067407,0.7303805850478557
45000.0,36652.952483783534,8347.047516216466,0.18548994480481035,1.227731927459581
47000.0,32744.273994154326,14255.726005845674,0.30331331927331223,1.4353654629322574
93000.0,118232.47965708333,-25232.479657083328,0.2713169855600358,0.7865858879872385
68000.0,72860.12213124344,-4860.122131243435,0.0714723842829917,0.9332951690296529
40000.0,81803.27385350718,-41803.273853507184,1.0450818463376796,0.48897798481307436
52000.0,87146.63693344963,-35146.63693344963,0.6758968641048005,0.5966954300222773
69999.0,110162.48791298308,-40163.48791298308,0.5737723097898981,0.6354159326475264
125000.0,132964.80325528266,-7964.803255282663,0.0637184260422613,0.9400984090504702
150000.0,128331.7402409113,21668.2597590887,0.14445506506059133,1.1688456785391663
25000.0,20773.993980540923,4226.006019459077,0.16904024077836308,1.2034277098288173
186750.0,135575.5381609661,51174.4618390339,0.2740265694191909,1.3774608792500274
60000.0,91845.02993511909,-31845.02993511909,0.5307504989186516,0.6532743257025996
19000.0,-33273.498128211824,52273.498128211824,2.751236743590096,-0.5710250219795899
130000.0,131277.73057519013,-1277.7305751901295,0.009828696732231764,0.9902669663042484
20000.0,1010.0788322486333,18989.921167751367,0.9494960583875683,19.80043473980747
38000.0,62935.931013280555,-24935.931013280555,0.6562087108758041,0.6037886369231806
14500.0,-29813.035179994535,44313.035179994535,3.056071391723761,-0.4863644346326048
56000.0,75790.66673231527,-19790.666732315265,0.3534047630770583,0.738877257773522
145000.0,128098.28632237643,16901.71367762357,0.11656354260430049,1.1319433238559347
145000.0,148276.5229197357,-3276.5229197356966,0.022596709791280666,0.9779026183294753
25000.0,18683.360531821876,6316.639468178124,0.252665578727125,1.3380890422480205
570625.0,451561.4728654384,119063.52713456162,0.2086545930068988,1.2636706944439469
110000.0,155900.7703104029,-45900.770310402906,0.41727973009457187,0.7055770140262094
50000.0,59683.9429829556,-9683.942982955603,0.19367885965911205,0.8377462597315141
12500.0,-12820.432440016186,25320.432440016186,2.025634595201295,-0.9750061129750954
100000.0,84291.63492852819,15708.36507147181,0.1570836507147181,1.1863573423957325
25000.0,37781.246459633694,-12781.246459633694,0.5112498583853478,0.6617039495166086
90800.0,141802.21883473036,-51002.21883473036,0.5616984453164137,0.6403284853097176
175000.0,164318.00966519164,10681.99033480836,0.06103994477033349,1.065008031417698
230000.0,213410.3477112249,16589.652288775105,0.07212892299467437,1.0777359320515392
230000.0,257224.7637780824,-27224.763778082386,0.11836853816557559,0.8941596315292168
94836.0,166655.93519197952,-71819.93519197952,0.7573066682692176,0.5690526406440524
32000.0,36637.4653793028,-4637.465379302797,0.14492079310321243,0.8734228656024172
300000.0,434475.647802336,-134475.64780233603,0.44825215934112006,0.6904874911113189
60000.0,58177.349746489985,1822.6502535100153,0.030377504225166923,1.0313292073539322
115000.0,149018.88182679855,-34018.88182679855,0.2958163637112917,0.7717142860705534
227000.0,216681.07573514862,10318.924264851375,0.045457816144719713,1.0476226372323547
104000.0,170024.8933782059,-66024.89337820589,0.6348547440212104,0.6116751372909899
120000.0,142436.22142263333,-22436.22142263333,0.18696851185527777,0.8424823321024424
20000.0,-9240.69342527786,29240.69342527786,1.462034671263893,-2.164339739406366
150000.0,131788.26572106392,18211.734278936085,0.1214115618595739,1.1381893462160135
70700.0,68970.04251663704,1729.9574833629595,0.024468988449263925,1.0250827376675264
110000.0,123267.95018309786,-13267.950183097855,0.12061772893725323,0.892364964588199
61000.0,70161.90627399759,-9161.906273997593,0.15019518481963268,0.8694176546712066
255000.0,233785.3476053431,21214.652394656907,0.08319471527316434,1.0907441489039327
155000.0,117955.91471828362,37044.08528171638,0.2389940985917186,1.3140502565741572
60000.0,71376.56334925309,-11376.56334925309,0.18960938915421818,0.8406120606621762
35880.0,31401.83162592462,4478.16837407538,0.12480959793967056,1.1426085085552242
130000.0,126457.16367622119,3542.8363237788144,0.02725258710599088,1.028016098264309
38500.0,31321.77224970929,7178.227750290709,0.1864474740335249,1.2291769345956256
150000.0,118354.00223093931,31645.99776906069,0.2109733184604046,1.2673842639246888
51000.0,57533.490107163554,-6533.490107163554,0.1281076491600697,0.8864402264664618
28000.0,36089.26416226791,-8089.2641622679075,0.28890229150956814,0.7758540011817308
16000.0,-29752.039725529845,45752.039725529845,2.8595024828456155,-0.5377782547887163
135000.0,117190.3098978466,17809.6901021534,0.1319236303863215,1.1519723782425175
68000.0,79347.56997527689,-11347.569975276885,0.1668760290481895,0.8569890674810513
103800.0,112859.30706696966,-9059.30706696966,0.08727656133882139,0.9197291982167324
90000.0,144421.41299901143,-54421.41299901143,0.6046823666556825,0.6231762875815102
45000.0,34834.176191906736,10165.823808093264,0.22590719573540588,1.2918347703154571
195000.0,133341.6937905232,61658.30620947681,0.31619644209988107,1.4624083019849787
140000.0,155325.9997461998,-15325.999746199814,0.10947142675857009,0.9013301071859041
32000.0,24530.920029425586,7469.079970574414,0.23340874908045042,1.3044761452735987
51300.0,57442.427874353685,-6142.427874353685,0.11973543614724533,0.893068101372921
49500.0,57319.27408122172,-7819.2740812217235,0.1579651329539742,0.8635838606374923
20000.0,50838.63602061517,-30838.636020615173,1.5419318010307586,0.39340158520165563
120000.0,116561.69160112005,3438.308398879948,0.028652569990666232,1.0294977565240389
58000.0,38257.61188735257,19742.38811264743,0.3403860019421971,1.5160381722408027
1025000.0,767364.9578578592,257635.0421421408,0.25135126062647883,1.3357399103307284
60000.0,17027.042805431964,42972.957194568036,0.7162159532428006,3.523806258410228
19000.0,29224.337943361345,-10224.337943361345,0.5381230496505971,0.6501430429946173
37462.0,25210.420190611272,12251.579809388728,0.32704019564862336,1.4859728523664748
70000.0,83724.52077784395,-13724.52077784395,0.19606458254062786,0.8360752542942488
68000.0,77854.93930803996,-9854.93930803996,0.14492557805941117,0.8734192153300895
103900.0,112427.50262552159,-8527.502625521593,0.08207413499058318,0.924151098028697
40000.0,55953.04114045171,-15953.041140451707,0.3988260285112927,0.7148851820152752
31000.0,37784.48972124554,-6784.48972124554,0.2188545071369529,0.8204424680259544
28000.0,42019.39791140752,-14019.39791140752,0.5006927825502685,0.6663589054520579
109400.0,109588.86751732588,-188.86751732588164,0.0017263941254650973,0.9982765811746707
545000.0,515471.29851668235,29528.70148331765,0.05418110363911496,1.0572848606087075
230000.0,213973.92512560845,16026.074874391546,0.06967858641039802,1.0748973262278747
28700.0,45845.79261210869,-17145.792612108693,0.5974143767285259,0.626011643921711
37038.0,99810.31404545018,-62772.314045450184,1.6948084142083855,0.37108389402656494
15000.0,15399.208712490712,-399.20871249071206,0.02661391416604747,0.9740760242981249
115000.0,120883.90443892825,-5883.90443892825,0.05116438642546304,0.9513259894587467
180000.0,208927.51087863382,-28927.510878633824,0.16070839377018792,0.8615428348474518
105000.0,129741.6401103297,-24741.640110329696,0.23563466771742567,0.8093006987634047
14500.0,8170.172852361749,6329.827147638251,0.4365398032853966,1.7747482534360934
77572.0,109028.53774627822,-31456.53774627822,0.40551407397357575,0.7114834483107427
140000.0,124489.98502713582,15510.014972864185,0.11078582123474418,1.1245884556053516
130500.0,125063.38311670203,5436.616883297975,0.04165989948887337,1.0434708925011635
45000.0,60751.70400890184,-15751.704008901841,0.35003786686448535,0.7407199638944486
115000.0,117211.8148860027,-2211.8148860026995,0.019233172921762604,0.9811297616357715
1089375.0,886982.8787069883,202392.1212930117,0.18578737468090575,1.228180414923061
85000.0,109077.83992743932,-24077.839927439316,0.28326870502869783,0.7792600225356832
65000.0,72176.25788330383,-7176.257883303828,0.1104039674354435,0.9005731511474789
22000.0,23658.48973575211,-1658.4897357521113,0.07538589707964143,0.9298987486404999
68700.0,79270.93674106832,-10570.936741068319,0.15387098604175137,0.8666480153300399
110000.0,158059.57201280026,-48059.57201280026,0.43690520011636597,0.695940135729912
162899.0,207130.3711843351,-44231.37118433509,0.2715263518151437,0.7864563707802584
20000.0,2321.1913291930687,17678.80867080693,0.8839404335403466,8.616265168865995
35999.0,78064.3489051938,-42065.348905193794,1.1685143727657377,0.461145202706032
19600.0,26842.099969621602,-7242.099969621602,0.3694948964092654,0.7301962224334978
19655.0,39046.735953694966,-19391.735953694966,0.9866057468173476,0.5033711402486656
70000.0,92037.59231658798,-22037.59231658798,0.3148227473798283,0.7605587916643476
138900.0,154314.09353675053,-15414.09353675053,0.11097259565695126,0.9001122115065945
45000.0,36894.45884468657,8105.541155313433,0.18012313678474295,1.2196953528830732
65000.0,68443.03058007918,-3443.030580079183,0.05296970123198743,0.9496949426274923
35000.0,28442.115458446613,6557.884541553387,0.1873681297586682,1.2305695070795395
140000.0,114027.32029564973,25972.679704350274,0.1855191407453591,1.227775936828195
32000.0,46286.01470483147,-14286.014704831468,0.44643795952598336,0.6913535374360011
21000.0,33117.240430967446,-12117.240430967446,0.5770114490936878,0.6341108053303622
185000.0,133132.2889192861,51867.711080713896,0.28036600584169674,1.3895952777628546
64674.0,70541.32587323015,-5867.325873230147,0.09072155538903033,0.9168242756909004
49000.0,85567.6802164756,-36567.68021647559,0.7462791880913386,0.5726461191426025
53200.0,74656.9407459693,-21456.940745969303,0.4033259538716034,0.7125928208205109
29000.0,57194.97092886269,-28194.97092886269,0.9722403768573342,0.5070375861554207
22000.0,51794.99875819008,-29794.99875819008,1.3543181253722762,0.4247514340662331
70000.0,71715.35523470872,-1715.3552347087243,0.024505074781553206,0.9760810606167293
80000.0,104055.71014497282,-24055.71014497282,0.30069637681216027,0.7688189325558602
40000.0,53513.56138007564,-13513.56138007564,0.337839034501891,0.747474078877003
20000.0,40933.9752725751,-20933.975272575102,1.046698763628755,0.48859168616832527
350000.0,439601.8691007376,-89601.86910073762,0.2560053402878218,0.7961749587552259
200000.0,103654.40883798439,96345.59116201561,0.48172795581007805,1.9294885981416119
78000.0,88762.89116549905,-10762.891165499052,0.13798578417306476,0.8787455993808092
180000.0,129967.78332418873,50032.21667581127,0.27795675931006264,1.3849586058647476
110000.0,162670.55316924944,-52670.55316924944,0.47882321062954036,0.6762133518139037
42000.0,64682.80517007384,-22682.805170073843,0.540066789763663,0.649322488249655
674375.0,515081.84373871604,159293.15626128396,0.23620857276928114,1.3092579522994954
130000.0,123118.49453972818,6881.5054602718155,0.052934657386706274,1.055893352871134
80000.0,101104.62096442189,-21104.62096442189,0.2638077620552736,0.7912595807876232
22500.0,56658.09367183258,-34158.09367183258,1.5181374965258925,0.3971189029112325
155000.0,148707.13274415606,6292.867255843943,0.04059914358608995,1.0423171850584365
151000.0,114143.79637799814,36856.20362200186,0.24408081868875406,1.3228927439906502
170000.0,149196.5996613584,20803.4003386416,0.12237294316848,1.1394361559570425
110000.0,120791.23429441094,-10791.23429441094,0.09810212994919036,0.9106621075821704
155000.0,114601.0876064824,40398.9123935176,0.2606381444743071,1.3525177049997947
48000.0,70067.24087812382,-22067.24087812382,0.4597341849609129,0.6850562316773974
154000.0,211793.6996040524,-57793.69960405241,0.37528376366267796,0.7271226683697507
210000.0,131521.17215355637,78478.82784644363,0.37370870403068396,1.596701098092529
93000.0,61886.98178485359,31113.01821514641,0.33454858295856355,1.50273930506595
16500.0,13208.425065740477,3291.5749342595227,0.19948938995512258,1.249202680703931
135000.0,150628.9530970719,-15628.953097071906,0.11577002294127338,0.8962420386271959
135000.0,126260.20081128919,8739.799188710807,0.06473925324970968,1.0692205392717018
62500.0,71446.50426251802,-8946.504262518021,0.14314406820028833,0.8747803779224017
32000.0,26752.17428107516,5247.82571892484,0.16399455371640123,1.1961644561592595
65000.0,68681.99102070174,-3681.9910207017383,0.056646015703103667,0.9463907355336869
105000.0,102317.03784415193,2682.962155848072,0.0255520205318864,1.026222046810373
110400.0,122138.29346274213,-11738.293462742135,0.10632512194512803,0.9038934217111617
117700.0,107328.82190663474,10371.178093365263,0.08811536188075839,1.0966299444000898
84800.0,91132.3346124436,-6332.334612443607,0.07467375722221234,0.9305149523561206
94700.0,103939.85174556765,-9239.851745567648,0.09756971220240389,0.9111038587183509
90000.0,89162.97228329498,837.0277167050226,0.00930030796338914,1.0093876156802575
165000.0,126613.15386625161,38386.84613374839,0.23264755232574783,1.3031821336217444
160000.0,128855.79513777785,31144.20486222215,0.19465128038888843,1.2416981310690878
118700.0,104073.43024418576,14626.569755814242,0.12322299710037272,1.1405408635181542
57612.0,96312.90338234656,-38700.90338234656,0.671750735651367,0.5981753013019422
118000.0,156680.57815249945,-38680.57815249945,0.3278015097669445,0.7531246143676398
42100.0,51408.88087555536,-9308.880875555362,0.22111355998943852,0.818924654320151
22500.0,58331.122472672985,-35831.122472672985,1.5924943321187994,0.38572890502048574
92500.0,117593.3045996293,-25093.304599629293,0.271278968644641,0.7866094104161403
950000.0,694395.4858343396,255604.51416566037,0.2690573833322741,1.368096451345076
311250.0,292838.9944764715,18411.005523528496,0.059151824975191954,1.062870744234193
17000.0,884.8665901408531,16115.133409859147,0.9479490241093615,19.211935662859574
39450.0,57795.476653800026,-18345.476653800026,0.4650310938859322,0.6825793692525275
45000.0,47691.910587116785,-2691.910587116785,0.05982023526926188,0.9435562435226916
120000.0,128290.01069704452,-8290.01069704452,0.069083422475371,0.9353806999313353
30000.0,37249.15243632882,-7249.152436328819,0.24163841454429397,0.8053874528092947
15000.0,17882.904456572986,-2882.9044565729855,0.19219363043819904,0.8387899200840748
65000.0,63321.42356239815,1678.5764376018487,0.02582425288618229,1.026508823446582
22200.0,9348.722932811972,12851.277067188028,0.5788863543778391,2.3746558925265457
1450000.0,786860.0345924639,663139.9654075361,0.45733790717761114,1.8427673744428947
98000.0,118385.66831301722,-20385.668313017217,0.2080170236022165,0.8278029038184203
43500.0,52197.00726739742,-8697.007267397421,0.199931201549366,0.8333811127744555
181563.0,118829.64245608685,62733.35754391315,0.3455184015681232,1.5279268391899443
70000.0,78066.14310842924,-8066.143108429242,0.11523061583470345,0.8966755268384933
99000.0,98749.5548630449,250.44513695509522,0.002529748858132275,1.0025361647179314
75000.0,75128.95899408925,-128.95899408924743,0.001719453254523299,0.9982834981901001
65000.0,68625.53865241571,-3625.5386524157075,0.055777517729472426,0.9471692503460141
85000.0,143219.44225316707,-58219.44225316707,0.684934614743142,0.5934948402448507
21100.0,67084.67283242266,-45984.67283242266,2.179368380683538,0.3145278810959956
124300.0,146577.85214983913,-22277.852149839135,0.1792264855176117,0.8480135175738173
43000.0,38849.556314783375,4150.443685216625,0.0965219461678285,1.1068337473814922
44400.0,64126.29325034481,-19726.29325034481,0.444285884016775,0.6923836970689282
203921.0,233324.444956748,-29403.44495674799,0.14419037253028374,0.8739804354310214
135000.0,136142.1200013914,-1142.1200013913913,0.00846014815845475,0.9916108255007362
32000.0,35576.42383436294,-3576.4238343629404,0.11176324482384188,0.8994720815387716
150000.0,116662.04087143169,33337.95912856831,0.2222530608571221,1.285765265887202
21075.0,40294.1756063904,-19219.175606390403,0.9119419030315731,0.5230284447526365
100000.0,113790.71677758089,-13790.716777580892,0.13790716777580891,0.8788063106717512
160000.0,131541.8512461372,28458.1487538628,0.17786342971164248,1.216342924204501
115000.0,119714.9371162553,-4714.9371162553,0.04099945318482869,0.9606152980586156
117000.0,116328.79646344687,671.2035365531337,0.0057367823637019975,1.0057698829263142
110000.0,109403.81582247622,596.1841775237845,0.0054198561593071315,1.00544939107509
130000.0,110301.92581075228,19698.074189247724,0.15152364760959788,1.17858323002487
170000.0,125759.70124919883,44240.29875080117,0.260237051475301,1.3517843817324033
120000.0,107785.74916490699,12214.250835093015,0.10178542362577513,1.113319719255333
89889.0,89097.11566454693,791.8843354530691,0.00880957998701809,1.0088878784632551
108000.0,171710.46342633298,-63710.46342633298,0.589911698391972,0.6289657476018288
69000.0,75957.67974184084,-6957.679741840839,0.10083593828754839,0.9084005756167373
48000.0,71745.18179452835,-23745.181794528355,0.4946912873860074,0.6690344745026587
160000.0,157414.15329241907,2585.8467075809313,0.01616154192238082,1.0164270280244583
180000.0,90010.81940557825,89989.18059442175,0.4999398921912319,1.9997595976650429
346600.0,464251.35554464615,-117651.35554464615,0.33944418795339343,0.7465783262891693
48500.0,58232.650132902374,-9732.650132902374,0.20067319861654379,0.8328660964134402
55000.0,49107.51583182113,5892.484168178868,0.10713607578507033,1.1199914935294
73300.0,80626.38530763489,-7326.38530763489,0.09995068632516903,0.9091316660212334
70000.0,111008.79011847287,-41008.79011847287,0.5858398588353267,0.630580694783659
50000.0,34402.97202202171,15597.027977978287,0.31194055955956573,1.4533628073758995
74700.0,82294.27862840088,-7594.278628400876,0.10166370319144413,0.9077180242056343
24000.0,19972.313660473737,4027.6863395262626,0.1678202641469276,1.2016634831595534
70000.0,73113.17103702133,-3113.171037021326,0.044473871957447515,0.9574198329402926
450000.0,441018.6117280725,8981.388271927484,0.0199586406042833,1.02036510032249
135000.0,126968.62960202072,8031.370397979277,0.05949163257762428,1.0632547616143717
108000.0,102424.8735436913,5575.1264563087025,0.05162154126211761,1.054431372609218
16130.0,39763.13149494844,-23633.131494948437,1.4651662427122403,0.40565215549105277
114200.0,118061.47137509502,-3861.4713750950177,0.03381323445792485,0.9672927049771667
120000.0,114592.60745526283,5407.392544737173,0.04506160453947644,1.0471879701912554
85000.0,77326.67051311934,7673.329486880655,0.09027446455153712,1.0992326377944694
65000.0,82742.91902983154,-17742.919029831537,0.27296798507433134,0.7855657107838481
185000.0,131125.40658030272,53874.59341969728,0.2912140184848502,1.4108631181761397
145000.0,115081.30700820431,29918.692991795688,0.206335813736522,1.2599787382468879
31000.0,49371.52250093897,-18371.52250093897,0.5926297580948054,0.627892323948698
170000.0,133006.5204213891,36993.47957861089,0.21760870340359345,1.278132827333643
160000.0,205703.15712941205,-45703.15712941205,0.28564473205882535,0.7778198557221985
65000.0,82458.72478807083,-17458.72478807083,0.2685957659703205,0.7882731653570689
16000.0,-10146.811262845673,26146.811262845673,1.6341757039278546,-1.5768500650629822
75000.0,86328.50511919119,-11328.505119191192,0.15104673492254922,0.868774455163445
110000.0,64678.30631889889,45321.69368110111,0.41201539710091917,1.7007248065161253
61500.0,73693.54372640155,-12193.543726401549,0.198269003681326,0.834537150612923
825000.0,865428.3731574469,-40428.373157446855,0.049004088675693155,0.9532851309115887
98000.0,117902.76722976212,-19902.767229762117,0.20308946152818488,0.831193383349716
17000.0,12910.78947357589,4089.210526424111,0.2405417956720065,1.3167281547571796
149900.0,115377.17775442384,34522.82224557616,0.23030568542745936,1.2992170801669003
140000.0,127784.97210445683,12215.027895543171,0.08725019925387979,1.0955904884148513
170000.0,140043.22257935093,29956.777420649072,0.17621633776852397,1.213910940271851
155625.0,127048.93464753698,28576.065352463018,0.1836213034696419,1.2249217235212526
145250.0,207222.5517140541,-61972.551714054105,0.42666128546680965,0.7009372232826769
245000.0,223593.3126152521,21406.6873847479,0.08737423422346081,1.0957393901202377
120500.0,109351.31716713893,11148.682832861072,0.09252018948432425,1.101952890204521
60000.0,72209.61760189992,-12209.617601899925,0.20349362669833207,0.8309142465036586
120000.0,156287.430246248,-36287.430246248,0.30239525205206663,0.76781606691547
55300.0,64667.4212371372,-9367.421237137198,0.16939278909832184,0.8551446608209935
107000.0,100436.16342315826,6563.8365768417425,0.061344267073287315,1.065353318497312
132100.0,153596.38323833814,-21496.383238338138,0.16272810929854759,0.8600462928545536
16700.0,50837.335789211735,-34137.335789211735,2.0441518436653734,0.3284987252133683
22000.0,18059.632046635117,3940.367953364883,0.1791076342438583,1.218186502537246
20000.0,-37336.12728384166,57336.12728384166,2.866806364192083,-0.5356741969501375
55000.0,47351.36654099467,7648.63345900533,0.139066062891006,1.1615293077631348
45000.0,31974.62635191789,13025.37364808211,0.289452747735158,1.4073659377508512
70100.0,134360.44725767302,-64260.44725767302,0.9166968225060345,0.521730921791024
63750.0,79384.2941039449,-15634.294103944907,0.24524382908148873,0.8030555756599216
160000.0,124078.93334317206,35921.06665682794,0.22450666660517463,1.2895017364267554
75000.0,71142.15418688147,3857.8458131185325,0.05143794417491377,1.0542272841919358
153000.0,112968.52814658664,40031.47185341336,0.2616436068850546,1.3543595062287523
140000.0,129971.38475387855,10028.615246121451,0.07163296604372466,1.0771601784893823
133920.0,106666.00904944068,27253.990950559324,0.20350949037156008,1.2555077404079762
23455.0,28900.64305490977,-5445.643054909771,0.23217408036281267,0.8115736371483734
150000.0,121752.10802977894,28247.891970221055,0.1883192798014737,1.23201152265316
72625.0,69863.64534557916,2761.3546544208366,0.03802209506947796,1.039524915150961
141000.0,125141.56206115874,15858.437938841264,0.1124711910556118,1.1267239890380383
85000.0,106489.07597818032,-21489.07597818032,0.25281265856682733,0.7982039398803362
39500.0,32430.923206576146,7069.076793423854,0.17896396945376844,1.2179733444032956
75400.0,82740.88577196878,-7340.88577196878,0.09735922774494403,0.9112786175361958
171700.0,166061.5087372698,5638.491262730211,0.03283920362685038,1.0339542336186467
110000.0,115161.29226010128,-5161.292260101283,0.046920838728193484,0.9551820567587581
38500.0,31230.205926239723,7269.794073760277,0.18882582009766952,1.2327808561663107
135000.0,129209.9219552857,5790.078044714304,0.042889466997883735,1.0448114042412162
135000.0,118619.40941802367,16380.590581976328,0.12133770801463947,1.138093678448945
120000.0,132820.73743476608,-12820.73743476608,0.10683947862305067,0.9034733756009833
156600.0,161598.3366211152,-4998.336621115188,0.03191785837238306,0.9690693807521402
225000.0,276854.51264465606,-51854.51264465606,0.23046450064291582,0.8127012193179906
450000.0,590555.2337284264,-140555.2337284264,0.31234496384094756,0.7619947708514216
395000.0,439482.2695660889,-44482.269566088915,0.11261334067364283,0.8987848369628033
150000.0,114913.23021760164,35086.76978239836,0.23391179854932242,1.305332725535236
145250.0,119780.47932048763,25469.520679512367,0.1753495399622194,1.2126349871364723
700000.0,511145.4623850823,188854.53761491767,0.2697921965927395,1.3694731764490164
36000.0,43815.90656978081,-7815.906569780811,0.21710851582724475,0.821619425873723
34000.0,21898.122272114386,12101.877727885614,0.35593758023192984,1.5526445408196687
220000.0,188820.93932428872,31179.060675711284,0.14172300307141492,1.1651250162576678
103750.0,131185.9458823156,-27435.945882315602,0.26444285187774075,0.7908621560199149
210000.0,183171.81691675028,26828.18308324972,0.12775325277737962,1.1464645791849237
129700.0,125877.26632981267,3822.7336701873282,0.02947365975472111,1.0303687375937394
145000.0,116561.16705912144,28438.832940878565,0.19612988235088666,1.243982053872659
140000.0,141934.76471883195,-1934.7647188319534,0.013819747991656809,0.9863686340505466
40000.0,45480.13522306096,-5480.135223060963,0.13700338057652406,0.8795048608324667
375000.0,847076.7313957684,-472076.73139576835,1.258871283722049,0.44269897413200665
140000.0,123598.71394145011,16401.286058549886,0.11715204327535633,1.1326978698687702
35000.0,33048.973491909535,1951.0265080904646,0.05574361451687042,1.059034405669758
170000.0,141060.07762117533,28939.922378824675,0.17023483752249807,1.2051602612650225
125000.0,136837.19953790773,-11837.199537907727,0.09469759630326181,0.913494286802994
65000.0,81437.81612154833,-16437.816121548327,0.2528894787930512,0.7981549984467363
47000.0,32442.660356546752,14557.339643453248,0.3097306307117712,1.4487098001047765
50000.0,72829.81216293434,-22829.812162934337,0.45659624325868675,0.6865320466314035
190000.0,216095.0142765514,-26095.014276551403,0.1373421804029021,0.8792428674770079
51000.0,38339.48758545669,12660.512414543307,0.2482453414616335,1.3302212213015026
85000.0,73413.48617263522,11586.513827364775,0.13631192738076206,1.1578254137137494
44000.0,36999.21690028891,7000.783099711087,0.1591087068116156,1.1892143587411013
197125.0,133959.21669486913,63165.78330513087,0.32043517212495054,1.4715299541427538
63000.0,85673.85241368599,-22673.852413685992,0.359902419264857,0.7353468791831292
51000.0,47174.632035156625,3825.3679648433754,0.07500721499692893,1.0810895135756977
60000.0,61131.788457657094,-1131.788457657094,0.01886314096095157,0.9814860895417606
82000.0,93813.84984451707,-11813.84984451707,0.14407133956728135,0.8740713672437831
130000.0,111023.61869646059,18976.381303539412,0.1459721638733801,1.170922021154985
131000.0,152643.3015328641,-21643.301532864105,0.16521604223560385,0.8582099488446645
120000.0,119605.91283182787,394.0871681721328,0.0032840597347677733,1.0032948803185529
135000.0,175635.75540828222,-40635.75540828222,0.3010055956169053,0.7686362021570124
475000.0,439029.06860031467,35970.93139968533,0.07572827663091648,1.0819329150900319
130100.0,122444.8981818532,7655.101818146795,0.058840136957315874,1.0625187486928003
20580.0,-46237.17358049395,66817.17358049395,3.246704255611951,-0.4450964106655964
48000.0,33915.08450854069,14084.91549145931,0.2934357394054023,1.4152994366831775
22000.0,24533.071617517096,-2533.0716175170965,0.11513961897804983,0.8967486967384698
120000.0,120168.01041163839,-168.01041163838818,0.0014000867636532349,0.9986018707386195
39000.0,41312.5914895742,-2312.5914895742026,0.05929721768138981,0.9440221151423576
75000.0,85346.6053258955,-10346.605325895507,0.13795473767860675,0.8787695739462975
82000.0,66896.90831809165,15103.09168190835,0.18418404490132134,1.2257666618925624
97000.0,97548.13139539358,-548.1313953935751,0.005650839127768815,0.994380913426503
15244.0,4325.591894042271,10918.40810595773,0.7162429877957052,3.5241419841284345
500000.0,454794.5227277403,45205.47727225971,0.09041095454451942,1.0993975850921178
127000.0,104105.67463467152,22894.325365328477,0.18027027846715338,1.2199142884926246
119000.0,121899.82961828542,-2899.8296182854247,0.024368316120045586,0.976211372670775
50000.0,71413.54837034355,-21413.548370343546,0.42827096740687093,0.7001472569421279
110000.0,147500.7038218428,-37500.70382184279,0.3409154892894799,0.7457591533452096
41300.0,41770.61118183736,-470.6111818373611,0.011394943870154021,0.9887334379717673
12119.0,-5186.704037891643,17305.704037891643,1.4279811896931796,-2.336551287959412
57500.0,30293.644163626363,27206.355836373637,0.4731540145456285,1.8980879186875894
105000.0,117651.1143836292,-12651.114383629203,0.12048680365361146,0.892469234567747
12000.0,15337.866520572163,-3337.8665205721627,0.27815554338101356,0.7823773915299631
91000.0,131980.35348175268,-40980.35348175268,0.45033355474453496,0.689496562172653
39000.0,32956.837316407094,6043.1626835929055,0.15495288932289503,1.1833659773107053
188000.0,166080.06628021013,21919.93371978987,0.11659539212654187,1.1319841339827417
100000.0,56768.654169109475,43231.345830890525,0.4323134583089053,1.7615355069385237
40000.0,59692.511954269314,-19692.511954269314,0.49231279885673285,0.6701007997559923
197125.0,160240.0691056995,36884.93089430049,0.18711442432111852,1.2301854405090777
20000.0,39799.29050001071,-19799.290500010713,0.9899645250005357,0.5025215210807493
25000.0,11534.183738674445,13465.816261325555,0.5386326504530222,2.167470240323491
198000.0,220593.65312107585,-22593.653121075855,0.11410935919735281,0.8975779547534171
233437.0,279299.849308428,-45862.849308428005,0.19646778063643727,0.8357935050019232
55250.0,69873.32896482601,-14623.32896482601,0.2646756373724165,0.7907165841177062
90000.0,83035.80004572944,6964.19995427056,0.07737999949189511,1.0838698483116347
40000.0,49718.642584529065,-9718.642584529065,0.24296606461322662,0.8045271938386908
280125.0,226834.4474989445,53290.5525010555,0.19023847389935028,1.234931480154942
95000.0,96951.11841624524,-1951.118416245241,0.020538088592055168,0.9798752356020443
380000.0,439144.2742904525,-59144.27429045248,0.1556428270801381,0.8653192635016934
115000.0,121832.20249384991,-6832.202493849909,0.05941045646826008,0.9439212100413699
155625.0,120162.81257203598,35462.18742796402,0.22786947744876476,1.295117821137092
79650.0,103700.38478203131,-24050.38478203131,0.30195084472104594,0.7680781529154109
75000.0,142914.54470459162,-67914.54470459162,0.9055272627278883,0.5247891329397376
130000.0,124319.04304403302,5680.956955966976,0.043699668892053664,1.0456965949613592
38600.0,50321.075744963775,-11721.075744963775,0.30365481204569367,0.7670742214580569
38000.0,44406.63738900103,-6406.637389001029,0.16859572076318496,0.8557279324511999
52000.0,70673.2754399163,-18673.275439916295,0.35910145076762107,0.7357802461583715
26000.0,19539.781523598853,6460.218476401147,0.24846994140004414,1.3306187670828828
425000.0,501434.3214139084,-76434.32141390839,0.17984546215037267,0.8475686283332493
150000.0,111026.97022404388,38973.02977595612,0.25982019850637417,1.3510230865285393
150000.0,207145.73460595493,-57145.73460595493,0.38097156403969956,0.7241278720285456
98000.0,89532.81009352021,8467.18990647979,0.08639989700489582,1.0945708047992184
49000.0,41988.49110263729,7011.5088973627135,0.14309201831352478,1.1669864458864139
130000.0,119090.82062362407,10909.179376375934,0.08391676443366103,1.0916038643385741
65000.0,66414.25441834397,-1414.254418343975,0.021757760282215,0.9787055590591205
61000.0,70835.3593433818,-9835.359343381802,0.16123539907183282,0.8611518394972224
70000.0,87439.22810059335,-17439.228100593347,0.24913183000847638,0.8005560149669825
90000.0,91415.32378418866,-1415.3237841886585,0.015725819824318428,0.9845176527785438
60000.0,127985.50228086225,-67985.50228086225,1.1330917046810374,0.46880309824726013
900000.0,695771.3660103853,204228.63398961467,0.22692070443290518,1.2935283686086132
36900.0,46532.11610767539,-9632.116107675392,0.2610329568475716,0.7930006861199551
28500.0,67878.83896857267,-39378.83896857267,1.3817136480200938,0.41986575541156884
90000.0,110724.5327782194,-20724.532778219407,0.2302725864246601,0.8128279952218852
230000.0,212269.86668303798,17730.13331696202,0.07708753616070443,1.0835263789157445
109800.0,111872.36469443805,-2072.3646944380453,0.01887399539561061,0.9814756334140394
100000.0,104336.28979559429,-4336.28979559429,0.0433628979559429,0.9584392946683312
53000.0,47592.95110921931,5407.048890780687,0.10201979039208843,1.1136102881784373
60000.0,62572.93924472542,-2572.9392447254213,0.04288232074542369,0.9588809591529248
70000.0,122395.71723780321,-52395.71723780321,0.7485102462543316,0.5719154360932145
19000.0,27016.976037608954,-8016.976037608954,0.42194610724257653,0.7032615335465772
480000.0,450250.70376739197,29749.29623260803,0.061977700484600065,1.066072736774615
109999.0,117764.71162006137,-7765.711620061367,0.07059802016437756,0.934057397048485
23000.0,213820.75133301783,-190820.75133301783,8.296554405783384,0.1075667345503728
46506.0,62967.98685624695,-16461.98685624695,0.3539755484506719,0.7385657747987256
24304.0,-13895.713682477828,38199.71368247783,1.57174595467733,-1.7490285533622343
486200.0,449341.2343738853,36858.76562611468,0.07580988405206639,1.082028451445089
75000.0,83747.81141882748,-8747.811418827478,0.11663748558436637,0.8955457907421701
259375.0,227706.45202763798,31668.547972362023,0.1220956066404319,1.1390761995998173
140000.0,98336.2589841348,41663.741015865206,0.2975981501133229,1.4236864554974282
98300.0,134740.32961067572,-36440.32961067572,0.3707052859682169,0.7295514289153966
35000.0,44912.45738017178,-9912.457380171778,0.2832130680049079,0.7792938093708498
58700.0,56535.70267921564,2164.2973207843606,0.03687048246651381,1.038281956679032
280000.0,191553.26931916148,88446.73068083852,0.3158811810029947,1.4617343833138692
115000.0,156727.51554480064,-41727.51554480064,0.362847961259136,0.7337575638856292
27000.0,51712.674847385904,-24712.674847385904,0.9152842536068854,0.5221157110840277
140000.0,119036.62962509174,20963.370374908263,0.1497383598207733,1.1761085679335246
315000.0,461022.5857402532,-146022.5857402532,0.4635637642547721,0.6832637049532223
30200.0,43389.61902193146,-13189.61902193146,0.43674235171958475,0.6960190174690238
35000.0,11297.927110776625,23702.072889223375,0.6772020825492393,3.097913418702706
25000.0,18724.60146187141,6275.398538128589,0.25101594152514356,1.3351419014662116
24800.0,59009.35529797553,-34209.35529797553,1.3794094878215941,0.42027234283054143
75500.0,78065.57055702154,-2565.570557021536,0.033981066980417696,0.9671356970977678
95000.0,109964.89256126044,-14964.892561260436,0.157525184855373,0.8639120885520474
55000.0,47847.264977366925,7152.735022633075,0.13004972768423773,1.1494909902586181
61000.0,56937.57894168593,4062.4210583140666,0.06659706652973879,1.0713486792698843
180000.0,209122.54012851306,-29122.540128513065,0.16179188960285035,0.8607393535358921
42000.0,22964.579263417545,19035.420736582455,0.4532243032519632,1.828903526523814
180000.0,130333.74290141824,49666.25709858176,0.2759236505476764,1.3810698288328012
137000.0,120828.18747187342,16171.812528126582,0.11804242721260279,1.1338413897162123
1400000.0,766748.1188750269,633251.8811249731,0.45232277223212364,1.8258929699809117
280000.0,289089.60291291954,-9089.602912919538,0.03246286754614121,0.9685578352824487
100000.0,81345.94319720604,18654.05680279396,0.18654056802793959,1.2293176041683005
150000.0,123289.43652283098,26710.563477169024,0.1780704231811268,1.216649246119498
148800.0,110307.96042217285,38492.03957782715,0.2586830616789459,1.3489506961284539
175000.0,207377.91200500127,-32377.91200500127,0.1850166400285787,0.843870006733309
145000.0,106476.28322508813,38523.71677491187,0.2656808053442198,1.3618056116165673
55000.0,86699.39868238076,-31699.398682380765,0.5763527033160138,0.6343757954018799
31694.0,61528.64159290353,-29834.64159290353,0.9413340566953848,0.5151096981743777
52200.0,33194.67835940892,19005.32164059108,0.36408662146726206,1.572541219855022
329000.0,403396.1506931173,-74396.15069311729,0.22612811760825924,0.815575457115073
117000.0,120442.80172616967,-3442.801726169666,0.029425655779227913,0.9714154629680819
42000.0,38249.11563776215,3750.884362237848,0.08930677052947257,1.098064603578304
47000.0,72986.80581266669,-25986.805812666687,0.5529107619716317,0.6439520057999751
200000.0,137074.25111170518,62925.748888294824,0.3146287444414741,1.4590632330868258
50000.0,44894.23243187516,5105.7675681248365,0.10211535136249673,1.113728808614171
120000.0,150472.7244615645,-30472.724461564503,0.2539393705130375,0.7974867234536701
155800.0,128746.61162531599,27053.388374684015,0.17364177390682936,1.2101289349145434
210000.0,131346.89477813974,78653.10522186026,0.37453859629457265,1.598819677882104
65000.0,57471.47610450108,7528.523895498918,0.1158234445461372,1.130995833164433
400000.0,434906.5486542168,-34906.54865421681,0.08726637163554202,0.9197378177858386
160000.0,118001.82526428725,41998.174735712746,0.2624885920982047,1.355911229691998
105000.0,-22137.97818923052,127137.97818923052,1.2108378875164811,-4.742980551452501
180000.0,226782.73427817016,-46782.73427817016,0.25990407932316756,0.7937112169183621
112200.0,107700.78886787452,4499.211132125478,0.040099920963685184,1.0417750991373427
149000.0,126568.71524581505,22431.284754184948,0.15054553526298622,1.1772261392605596
85000.0,114925.41303306623,-29925.41303306623,0.35206368274195565,0.7396101328393214
47000.0,38690.59039657813,8309.409603421867,0.1767959490089759,1.2147656450379927
60000.0,42230.19625505901,17769.80374494099,0.2961633957490165,1.420784304141429
90000.0,145740.4606106722,-55740.46061067219,0.619338451229691,0.6175361297946216
225000.0,139087.98192202314,85912.01807797686,0.3818311914576749,1.6176811029305298
93750.0,125174.33316327489,-31424.33316327489,0.33519288707493217,0.7489554578071079
120000.0,89439.87853478335,30560.121465216653,0.2546676788768054,1.3416833963312211
62000.0,27482.001748338982,34517.99825166102,0.5567419072848552,2.2560219800490806
35000.0,47378.866951046686,-12378.866951046686,0.3536819128870482,0.7387259816948152
48500.0,58918.86290577837,-10418.86290577837,0.21482191558305916,0.8231659201834909
74000.0,89969.9648878582,-15969.964887858194,0.21581033632240804,0.8224967086764596
75000.0,68200.80231214661,6799.19768785339,0.09065596917137853,1.0996938079516176
99999.0,111237.00338865531,-11238.003388655314,0.11238115769813012,0.8989724368123221
56550.0,76642.18590140773,-20092.185901407734,0.35529948543603423,0.7378442999100487
166000.0,129930.2510578686,36069.748942131395,0.2172876442297072,1.2776085526538894
35000.0,47663.14518260854,-12663.14518260854,0.3618041480745297,0.7343199838346148
150000.0,118180.41720365403,31819.582796345974,0.21213055197563982,1.2692458154172275
59000.0,66976.20405611166,-7976.204056111659,0.13518989925612981,0.8809098818226647
78000.0,80049.71124810001,-2049.7112481000077,0.026278349334615484,0.9743945204031119
20000.0,16425.94922485348,3574.0507751465193,0.17870253875732597,1.2175856461152794
48000.0,79907.10420845379,-31907.10420845379,0.6647313376761207,0.6006975284047626
45000.0,56045.59840836568,-11045.59840836568,0.24545774240812623,0.8029176470222691
115000.0,122991.95934939037,-7991.959349390367,0.06949529869035101,0.935020472950698
40000.0,39211.90637833066,788.0936216693372,0.019702340541733428,1.0200983245768651
128000.0,121917.94603542335,6082.053964576655,0.04751604659825512,1.0498864536547352
35000.0,53829.1148744816,-18829.114874481602,0.5379747106994743,0.6502057498365482
55500.0,59280.87084250324,-3780.8708425032382,0.0681237989640223,0.9362210644214689
95000.0,103295.68993050094,-8295.689930500943,0.08732305190000993,0.9196898734489075
85000.0,113334.25593028501,-28334.255930285013,0.3333441874151178,0.7499938946286974
65000.0,81322.7384041383,-16322.738404138305,0.2511190523713585,0.7992844470752883
60000.0,101948.66701343935,-41948.66701343935,0.6991444502239892,0.5885314811628731
135000.0,129185.9109851996,5814.089014800396,0.04306732603555849,1.0450055967439553
57150.0,80405.03510389398,-23255.035103893984,0.40691225028685885,0.7107763826749731
10500.0,28038.308663041273,-17538.308663041273,1.6703151107658354,0.37448763854435296
28000.0,42805.44436199806,-14805.44436199806,0.5287658700713592,0.6541224000201694
165000.0,129450.03165614666,35549.96834385334,0.21545435359911114,1.2746230950200415
60000.0,71864.49247940455,-11864.492479404551,0.19774154132340918,0.8349046647368342
125000.0,136420.479497477,-11420.479497477005,0.09136383597981604,0.9162847137061396
111000.0,119570.32641173867,-8570.326411738672,0.07721014785350154,0.9283239690905678
20000.0,-23420.74063453445,43420.74063453445,2.1710370317267227,-0.853943959846834
42000.0,55521.61883330927,-13521.618833309272,0.3219433055549827,0.7564620931910364
125000.0,128114.54149995795,-3114.5414999579516,0.024916331999663612,0.9756893990058187
75000.0,93931.67549433667,-18931.67549433667,0.2524223399244889,0.7984527009158046
180500.0,124479.99379081318,56020.00620918682,0.31036014520325106,1.4500322060051483
105000.0,116680.42941688465,-11680.429416884654,0.11124218492271098,0.8998938427355977
15000.0,-14206.783457425714,29206.783457425714,1.9471188971617142,-1.0558336477043775
110000.0,118983.27667228521,-8983.27667228521,0.08166615156622918,0.9244996698399239
180000.0,124105.001400902,55894.998599098006,0.31052776999498893,1.4503847384726896
165000.0,126263.93162100686,38736.068378993135,0.2347640507817766,1.306786489868406
150000.0,192611.8744236022,-42611.87442360219,0.2840791628240146,0.7787681857563573
155000.0,129731.77364523963,25268.226354760365,0.16302081519200234,1.1947728428030133
160700.0,119922.70287117502,40777.29712882498,0.2537479597313316,1.3400298371579342
138880.0,110823.74188493242,28056.258115067583,0.2020179875796917,1.2531610793668944
59700.0,23920.11158905609,35779.88841094391,0.5993281140861626,2.495807754814735
42000.0,41423.68162260714,576.3183773928613,0.013721866128401459,1.0139127753694963
450000.0,586426.3408433006,-136426.34084330057,0.30316964631844573,0.7673598006407506
39000.0,50871.31679656019,-11871.31679656019,0.3043927383733382,0.7666402691317221
129000.0,128270.60683904085,729.3931609591527,0.005654210550070951,1.005686362440574
190000.0,172934.33326094082,17065.666739059176,0.08981929862662724,1.098682930203968
30000.0,16983.945277727238,13016.054722272762,0.4338684907424254,1.7663740379181525
31000.0,32898.676381433674,-1898.6763814336737,0.06124762520753786,0.9422871498105259
75000.0,72333.01281749105,2666.9871825089504,0.03555982910011934,1.036870953920283
38900.0,60670.88580906199,-21770.88580906199,0.5596628742689458,0.6411642006088821
149000.0,107995.77105724537,41004.228942754635,0.2751961674010378,1.3796836537332513
15000.0,3389.2600565581524,11610.739943441848,0.7740493295627898,4.425744779004281
135000.0,109681.96683397226,25318.033166027744,0.18754098641502032,1.2308313198317473
50000.0,37795.55317346641,12204.446826533589,0.2440889365306718,1.3229069507335978
75000.0,90832.12587036064,-15832.125870360644,0.2110950116048086,0.825699049552612
11500.0,8916.061300436733,2583.9386995632667,0.22469032170115363,1.2898071931646207
42000.0,45477.817387424904,-3477.817387424904,0.08280517589106914,0.9235271702290058
110000.0,127217.53701498047,-17217.537014980466,0.15652306377254968,0.8646606637813384
120000.0,156680.57815249945,-36680.57815249945,0.3056714846041621,0.7658894383399727
130000.0,156704.57817243124,-26704.57817243124,0.20541983209562492,0.829586483790878
37000.0,37382.151381765405,-382.15138176540495,0.010328415723389323,0.9897771699155921
83500.0,105451.25151651083,-21951.251516510834,0.2628892397186926,0.791835078286635
62000.0,82365.35456771066,-20365.35456771066,0.32847346076952677,0.752743678764003
34000.0,26788.996273913916,7211.0037260860845,0.21208834488488484,1.2691778240720382
28000.0,20290.242105944053,7709.757894055947,0.2753484962162838,1.3799736766964137
310000.0,433726.2546486876,-123726.25464868761,0.39911695047963747,0.7147365341097366
119000.0,140923.9469997466,-21923.946999746608,0.18423484873736645,0.8444271008121421
19000.0,18773.24890589784,226.751094102161,0.011934268110640052,1.012078415155457
36000.0,44853.267762381874,-8853.267762381874,0.24592410451060762,0.8026171067561091
103500.0,113128.97786724899,-9628.977867248992,0.09303360258211586,0.9148849565444841
22000.0,-5858.416579457058,27858.416579457058,1.2662916627025935,-3.7552809196164914
135000.0,161789.80386185346,-26789.803861853463,0.1984429915692849,0.8344159939477501
38000.0,15786.713100733905,22213.286899266095,0.5845601815596341,2.4070875145145587
135000.0,128969.81225442473,6030.187745575269,0.04466805737463162,1.0467565831117072
175000.0,211084.08051486823,-36084.08051486823,0.20619474579924701,0.8290535201572127
50000.0,59584.60543292019,-9584.605432920187,0.19169210865840375,0.8391429235239218
128000.0,204918.03847107865,-76918.03847107865,0.6009221755553019,0.6246399826731966
119500.0,108409.38238617568,11090.617613824317,0.09280851559685621,1.1023031159269716
35500.0,6509.83716466336,28990.16283533664,0.8166243052207504,5.453285405155874
52000.0,53171.34811856499,-1171.348118564987,0.022525925357018983,0.9779703137119443
95000.0,95114.9278422026,-114.92784220259637,0.0012097667600273303,0.9987916950071889
57000.0,70898.28787172952,-13898.287871729524,0.2438296117847285,0.8039686388918931
80000.0,72945.0378250831,7054.962174916902,0.08818702718646128,1.09671613567237
90000.0,152078.38692067127,-62078.38692067127,0.6897598546741253,0.5918000698346882
86250.0,113670.12861869113,-27420.12861869113,0.3179145347094624,0.758774543920219
38000.0,84466.90482174844,-46466.90482174844,1.2228132847828537,0.44988034165797686
228250.0,132080.93967827334,96169.06032172666,0.42133213722552754,1.7281070270697505
62500.0,72585.92449607985,-10085.924496079853,0.16137479193727766,0.8610484805959238
122883.0,90257.05544126971,32625.94455873029,0.26550413449159194,1.3614780517625018
118000.0,144872.42625671637,-26872.426256716368,0.227732425904376,0.8145097245137733
160000.0,175822.99197744095,-15822.99197744095,0.09889369985900594,0.9100061271880123
40000.0,31150.534337985708,8849.465662014292,0.2212366415503573,1.2840871224229062
34850.0,63691.75146101188,-28841.75146101188,0.827596885538361,0.5471666142095809
70000.0,78096.68412342313,-8096.684123423125,0.1156669160489018,0.8963248668710797
256000.0,227298.65333470085,28701.34666529915,0.1121146354113248,1.1262715209448952
220000.0,222038.57770609835,-2038.5777060983528,0.009266262300447059,0.9908188129866481
850750.0,895337.8640502485,-44587.86405024852,0.052410066471053215,0.9501999570882148
56000.0,64581.64234800634,-8581.642348006339,0.15324361335725606,0.8671194779816365
51900.0,35276.01173364461,16623.988266355387,0.32030805908199206,1.471254754984113
110000.0,-6393.313771636254,116393.31377163625,1.0581210342876024,-17.205474958543675
150000.0,125946.74670616952,24053.25329383048,0.16035502195886986,1.1909795522543039
22000.0,-3243.439326495456,25243.439326495456,1.147429060295248,-6.782923244558131
60000.0,79464.02627687796,-19464.026276877965,0.3244004379479661,0.755058644913623
115000.0,106626.46525446292,8373.53474553708,0.0728133456133659,1.0785314858328439
46992.0,104971.28215381973,-57979.28215381973,1.2338117584656905,0.447665295076993
96000.0,90342.20726730002,5657.792732699978,0.05893534096562477,1.0626262397592299
56969.0,72558.13901575841,-15589.13901575841,0.2736424900517546,0.7851496851046206
52000.0,77827.85643910556,-25827.856439105555,0.4966895469058761,0.6681412334757811
18400.0,37380.440352146514,-18980.440352146514,1.0315456713123106,0.4922360418085179
110000.0,117604.1023134725,-7604.1023134724965,0.06912820284974996,0.9353415215635604
181562.0,134813.12237507128,46748.87762492872,0.25748161853762747,1.3467680059724898
114999.0,110082.33870359171,4916.661296408289,0.042753948263970026,1.0446634887513329
51000.0,71789.66066633421,-20789.66066633421,0.40764040522223943,0.7104087068615504
170700.0,115023.91758649822,55676.082413501776,0.326163341613953,1.4840391770836117
120000.0,154213.22222117038,-34213.22222117038,0.28511018517641984,0.778143393099573
1000000.0,919081.7084509032,80918.29154909682,0.08091829154909681,1.088042543775007
37000.0,30463.20131378583,6536.79868621417,0.17667023476254512,1.2145801624353907
105000.0,105940.209519564,-940.2095195639995,0.008954376376799996,0.9911250928818451
100700.0,110684.86029222878,-9984.860292228783,0.09915452127337421,0.9097901893188745
200000.0,212813.97718987058,-12813.97718987058,0.0640698859493529,0.9397878966453501
63300.0,70079.80686519336,-6779.806865193357,0.10710595363654593,0.9032559139577097
70000.0,73764.38505487505,-3764.385054875049,0.05377692935535784,0.948967444762474
125000.0,155102.5104852645,-30102.5104852645,0.240820083882116,0.8059186122063163
40500.0,43235.069835591654,-2735.069835591654,0.06753258853312726,0.9367395531916058
56000.0,72383.44783183973,-16383.44783183973,0.29256156842570946,0.7736575374262146
130000.0,121846.46821551635,8153.531784483654,0.06271947526525887,1.0669164392197406
48750.0,37687.77812357512,11062.221876424883,0.22691737182410016,1.293522792459475
24000.0,10674.181773827935,13325.818226172065,0.5552424260905027,2.248415898148342
135000.0,126600.08520221223,8399.914797787773,0.06222159109472424,1.0663499932434564
26000.0,44896.30713613104,-18896.307136131043,0.7267810436973479,0.5791122178749546
157600.0,116549.75566644075,41050.244333559254,0.2604710934870511,1.3522121869653927
45000.0,40333.78027879086,4666.219721209141,0.10369377158242536,1.1156901160505113
146000.0,156114.82229060156,-10114.822290601558,0.06927960473014766,0.9352090842996752
23000.0,-27830.42587045353,50830.42587045353,2.2100185161066754,-0.8264336344352601
75000.0,72146.81087221761,2853.189127782389,0.03804252170376519,1.0395469888868103
112999.0,82448.72852592717,30550.271474072826,0.27035877728185936,1.3705365991722462
85000.0,105554.3027308396,-20554.302730839598,0.24181532624517174,0.805272715568474
44000.0,63809.92108181177,-19809.92108181177,0.4502254791320857,0.6895479457432154
337187.0,443719.9781062944,-106532.97810629441,0.31594627938293707,0.7599094398206832
44200.0,93126.88664530718,-48926.88664530718,1.1069431367716558,0.47462125699900987
8700.0,-16930.533656882442,25630.533656882442,2.946038351365798,-0.5138644874589264
28000.0,47769.8465371381,-19769.846537138103,0.7060659477549323,0.5861438130899527
45000.0,62909.438956012484,-17909.438956012484,0.39798753235583295,0.7153139615736342
165000.0,60868.35280260106,104131.64719739894,0.6311008921054481,2.710768279455545
155000.0,129306.24093659304,25693.759063406964,0.16576618750585137,1.1987047096667687
75000.0,97079.22549634444,-22079.225496344443,0.2943896732845926,0.7725648779802446
84900.0,106262.04160272464,-21362.04160272464,0.2516141531534115,0.7989682742724858
45000.0,69781.37335597008,-24781.373355970078,0.5506971856882239,0.6448712290376565
101000.0,116152.18807499052,-15152.188074990525,0.15002166410881707,0.8695488365212033
111400.0,138413.89035728108,-27013.89035728108,0.24249452744417488,0.8048325187049404
64700.0,70058.91139640557,-5358.911396405572,0.08282706949622214,0.9235084974974288
49500.0,39887.33946062351,9612.660539376491,0.19419516241164628,1.2409952799400432
120000.0,123421.12397568845,-3421.123975688446,0.028509366464070384,0.9722808878619325
16000.0,38509.53873680293,-22509.538736802933,1.4068461710501834,0.4154814761442225
280000.0,373810.8522922415,-93810.85229224153,0.3350387581865769,0.7490419239650614
111000.0,108541.43418714382,2458.565812856177,0.022149241557262857,1.0226509427599528
18500.0,8248.135033180093,10251.864966819907,0.5541548630713463,2.242931271806212
170000.0,129610.62642954016,40389.37357045984,0.23758455041446963,1.3116208499494955
1050000.0,727615.1373654559,322384.86263454414,0.30703320250908966,1.443070582343618
18000.0,54652.440520002914,-36652.440520002914,2.0362466955557172,0.3293540019207735
114125.0,98493.4963602912,15631.503639708797,0.13696826847499494,1.1587059472691317
1299000.0,1243904.0701094973,55095.92989050271,0.042414110770209935,1.0442927483030526
70000.0,78085.23471079246,-8085.234710792458,0.11550335301132082,0.8964562923997337
39000.0,38631.74718997188,368.2528100281197,0.009442379744310761,1.0095323881733134
110000.0,109092.12066078499,907.879339215011,0.008253448538318282,1.008322134850032
55000.0,78193.75622804032,-23193.75622804032,0.4217046586916422,0.7033809686747977
540000.0,462881.82530302735,77118.17469697265,0.14281143462402343,1.1666044560001614
57700.0,70986.40320761036,-13286.403207610361,0.23026695333813452,0.8128317169592001
88000.0,84688.56199284692,3311.438007153076,0.037629977354012224,1.0391013606705564
130600.0,145201.39978814474,-14601.399788144743,0.11180244860754014,0.899440364834989
45000.0,37953.71642444769,7046.283575552312,0.15658407945671804,1.1856546404244483
33000.0,6587.805331781972,26412.194668218028,0.8003695354005463,5.009255486162589
140000.0,96434.88255939417,43565.11744060583,0.31117941029004165,1.4517568361611692
65000.0,71100.81836991527,-6100.818369915272,0.09385874415254265,0.9141948220880577
43000.0,54583.198193437536,-11583.198193437536,0.26937670217296594,0.7877882099838157
13000.0,-6687.516535042407,19687.516535042407,1.514424348849416,-1.943920427243858
35000.0,71065.75978362071,-36065.75978362071,1.0304502795320203,0.49250159439042296
386000.0,442385.6118624121,-56385.61186241207,0.14607671466946132,0.8725419399943125
130000.0,123555.34621223735,6444.653787762654,0.04957425990586657,1.0521600560828208
56000.0,45461.66568175479,10538.334318245208,0.18818454139723587,1.2318070435873751
45000.0,44726.81727087195,273.1827291280497,0.00607072731395666,1.0061078061395161
43000.0,45352.108530799305,-2352.1085307993053,0.05470019839068152,0.9481367326239759
115000.0,113210.88813371857,1789.111866281426,0.015557494489403705,1.0158033550992747
466875.0,409114.610000467,57760.389999533014,0.1237170334662019,1.141183884876336
19695.0,40474.36350958055,-20779.36350958055,1.0550578070363317,0.4866043167136665
125500.0,136420.479497477,-10920.479497477005,0.08701577288826298,0.9199498525609642
21500.0,43932.985021403874,-22432.985021403874,1.0433946521583197,0.48938172513261585
73000.0,94695.28126757086,-21695.281267570856,0.2971956338023405,0.7708937448924335
155000.0,118147.64610153787,36852.35389846213,0.23775712192556211,1.3119178004341336
200000.0,220785.2050676041,-20785.20506760411,0.10392602533802055,0.9058577993881441
41000.0,58583.750846145325,-17583.750846145325,0.42887197185720305,0.6998527647653633
16000.0,11392.374842020305,4607.625157979695,0.287976572373731,1.404448170102748
130000.0,159084.75409476948,-29084.75409476948,0.22372887765207292,0.8171744724359746
16500.0,-13767.92478631559,30267.92478631559,1.8344196840191267,-1.1984376916701283
140000.0,122269.55345008493,17730.44654991507,0.12664604678510763,1.145011133594704
35216.0,27298.05041753594,7917.949582464062,0.2248395497064988,1.2900554970540192
25000.0,37760.23080313549,-12760.230803135491,0.5104092321254197,0.6620722243552621
140000.0,88602.97833025487,51397.021669745125,0.3671215833553223,1.580082324977498
120000.0,142097.83854172268,-22097.838541722682,0.1841486545143557,0.8444885666910807
59500.0,66533.76427761081,-7033.764277610811,0.11821452567413128,0.8942827847788295
150000.0,194701.29976389994,-44701.29976389994,0.29800866509266627,0.7704108816011709
100500.0,115304.15477827367,-14804.154778273674,0.1473050226693898,0.8716077941272662
140000.0,104221.1876413978,35778.8123586022,0.25556294541858715,1.3432969165704505
70000.0,100623.04989193569,-30623.04989193569,0.437472141313367,0.6956656558827886
18000.0,26899.88794134598,-8899.88794134598,0.4944382189636656,0.6691477689144358
58267.0,48629.91048819746,9637.089511802536,0.16539532688833364,1.198172059439457
125000.0,115552.83418581764,9447.165814182357,0.07557732651345886,1.0817562449311335
20100.0,20884.004573475424,-784.004573475424,0.039005202660468856,0.9624590882118853
150000.0,124184.22585746746,25815.774142532537,0.1721051609502169,1.2078828769457612
130000.0,160158.7522100251,-30158.752210025094,0.23199040161557763,0.8116946355171634
13000.0,13124.552291188855,-124.55229118885472,0.009580945476065748,0.9905099779081628
325000.0,426811.3887674683,-101811.38876746828,0.31326581159221006,0.7614604683781382
112500.0,132068.42554585,-19568.425545850012,0.17394156040755565,0.8518311589997984
24000.0,-571.528344398801,24571.5283443988,1.0238136810166167,-41.992667966880894
270200.0,429600.3806947563,-159400.38069475628,0.5899347916164185,0.628956612103156
30000.0,24871.200333185203,5128.799666814797,0.17095998889382658,1.2062144005157456
106000.0,163536.1173898532,-57536.1173898532,0.542793560281634,0.6481748600360063
28000.0,37291.77943407089,-9291.779434070893,0.3318492655025319,0.750835718351867
95000.0,109237.77173975951,-14237.771739759512,0.14987128147115275,0.8696625579870066
590000.0,762892.7226454803,-172892.7226454803,0.2930385129584412,0.7733721694893866
70000.0,108765.55132664475,-38765.55132664475,0.5537935903806394,0.6435861276497001
101000.0,119648.65439232904,-18648.654392329045,0.18464014249830737,0.8441382020797331
60000.0,73637.79502111068,-13637.79502111068,0.227296583685178,0.8147989762974168
110000.0,133214.27477458122,-23214.274774581223,0.21103886158710203,0.8257373332260127
110000.0,149037.13747143012,-39037.13747143012,0.354883067922092,0.7380710731986959
70000.0,80296.53359778383,-10296.533597783826,0.14709333711119751,0.8717686413543011
49500.0,73359.21506653086,-23859.215066530858,0.48200434477840115,0.6747618544596955
147000.0,204205.69690323062,-57205.69690323062,0.38915440070224916,0.7198623849836111
38000.0,-18343.098984381533,56343.09898438153,1.4827131311679351,-2.071623777004943
45131.0,38144.99103693559,6986.008963064407,0.1547940210291021,1.1831435471121199
168000.0,124546.1477343899,43453.8522656101,0.25865388253339344,1.3488976018614467
53000.0,41822.20328830273,11177.796711697272,0.21090182474900512,1.267269436634956
400000.0,435140.94746769307,-35140.94746769307,0.08785236866923267,0.9192423795733402
42000.0,10440.277272472158,31559.722727527842,0.7514219697030439,4.022881663377011
43000.0,56978.42042980736,-13978.42042980736,0.32507954487924096,0.7546716752699805
70000.0,90787.69357911471,-20787.69357911471,0.29696705113021016,0.7710296102962481
110000.0,115580.02700404756,-5580.027004047559,0.050727518218614175,0.9517215288083282
34000.0,28112.842188598763,5887.157811401237,0.1731517003353305,1.2094116906396888
85000.0,114105.80108079505,-29105.80108079505,0.3424211891858241,0.7449226874960891
190000.0,129357.8506954729,60642.149304527105,0.31916920686593214,1.468793729785195
145000.0,105237.55610023485,39762.443899765145,0.27422375103286306,1.3778351129884934
750000.0,534390.9965288576,215609.00347114238,0.2874786712948565,1.4034667591176366
104000.0,156640.26736250118,-52640.26736250118,0.5061564169471268,0.6639416655189969
155000.0,116780.62740949975,38219.37259050025,0.24657659735806614,1.327274937961082
50900.0,69403.76914171083,-18503.76914171083,0.3635318102497216,0.7333895641326159
55800.0,45705.263616428536,10094.736383571464,0.18090925418586853,1.2208659481386945
140000.0,109378.47900303063,30621.520996969368,0.21872514997835263,1.2799592870195327
70000.0,99270.99330008618,-29270.99330008618,0.41815704714408825,0.7051405216466111
48000.0,59064.472637844796,-11064.472637844796,0.23050984662176657,0.8126712701612208
160000.0,118276.15082402316,41723.84917597684,0.2607740573498552,1.3527663766980003
180500.0,178896.39614846135,1603.6038515386463,0.008884231864480036,1.0089638689546763
25000.0,53656.19580965518,-28656.195809655183,1.1462478323862073,0.46592941640304225
58700.0,58577.52133224826,122.47866775174043,0.0020865190417672986,1.0020908817062615
70000.0,52211.620004033495,17788.379995966505,0.25411971422809293,1.3406977219743863
12500.0,-19868.134308493696,32368.134308493696,2.5894507446794957,-0.6291481528115203
110000.0,124338.38719021167,-14338.387190211666,0.1303489744564697,0.8846825384000121
197000.0,170955.43900324072,26044.560996759275,0.13220589338456484,1.152347074469304
58050.0,84026.77673826297,-25976.776738262968,0.4474896940269245,0.6908512054534871
78750.0,107324.7344006319,-28574.734400631904,0.36285377016675435,0.7337544363821537
37800.0,38537.35238935609,-737.3523893560923,0.01950667696709239,0.9808665530027499
86000.0,89275.28381205088,-3275.2838120508823,0.038084695488963746,0.9633125354275405
37200.0,50461.73034191097,-13261.730341910967,0.3564981274707249,0.7371923187719854
39999.0,44626.7443790891,-4627.7443790890975,0.11569650188977468,0.8963010982881033
197125.0,135545.0415295303,61579.95847046969,0.31239040441582594,1.454313619853469
133500.0,116152.18807499052,17347.811925009475,0.129946156741644,1.1493541552037687
105000.0,114094.16081980147,-9094.160819801473,0.0866110554266807,0.9202924956504598
12000.0,45644.32298635389,-33644.32298635389,2.803693582196157,0.2629023548796549
57700.0,80044.96262801651,-22344.96262801651,0.3872610507455201,0.72084486150793
55000.0,53674.275433234056,1325.7245667659445,0.024104083032108082,1.024699440394217
155000.0,206531.19774116148,-51531.19774116148,0.3324593402655579,0.7504919435670742
140000.0,133588.29783659423,6411.702163405775,0.04579787259575553,1.0479959866787778
80000.0,127508.9782985648,-47508.978298564805,0.5938622287320601,0.6274067996425978
190550.0,130832.58331370412,59717.41668629588,0.3133949970416997,1.456441470265158
88000.0,131226.0441899322,-43226.0441899322,0.49120504761286593,0.6705985884374578
1500000.0,1223215.375672438,276784.62432756205,0.18452308288504138,1.2262762795761992
37000.0,37341.95579987476,-341.9557998747623,0.009242048645263847,0.9908425846330227
88187.0,76290.88515711686,11896.114842883137,0.13489646821961443,1.1559310108721867
84000.0,84616.60663118446,-616.6066311844625,0.0073405551331483625,0.99271293596218
38500.0,20736.88312854129,17763.11687145871,0.4613796589989276,1.8565953119063674
105000.0,113582.1844640507,-8582.184464050704,0.08173509013381623,0.9244407518261193
29300.0,25592.9356999069,3707.0643000931013,0.1265209658734847,1.1448471696862266
69999.0,94599.95956646017,-24600.959566460166,0.3514473001965766,0.7399474621426553
110000.0,95955.35139135606,14044.64860864394,0.1276786237149449,1.1463664965527824
102712.0,81858.91408715758,20853.08591284242,0.20302482585133597,1.254744228473878
95000.0,109344.58960706099,-14344.589607060989,0.1509956800743262,0.8688129914922221
99999.0,78918.88583304014,21080.11416695986,0.2108032497020956,1.267111147660608
65000.0,56951.04372805846,8048.956271941541,0.12383009649140832,1.141331145929043
175000.0,126578.43131412662,48421.56868587338,0.2766946782049908,1.3825420190720072
76000.0,86103.1691047879,-10103.1691047879,0.13293643558931448,0.8826620528625108
10200.0,-15141.135340267501,25341.1353402675,2.484425033359559,-0.6736615036306647
105000.0,86704.87391028288,18295.126089717116,0.17423929609254396,1.2110045867623063
105000.0,119605.91283182787,-14605.912831827867,0.13910393173169397,0.8778830202787337
26000.0,54099.28410129665,-28099.284101296653,1.0807416962037175,0.48059785692019596
275000.0,435844.14390812186,-160844.14390812186,0.584887796029534,0.6309594928456155
220000.0,141661.91265275894,78338.08734724106,0.3560822152147321,1.5529932914238074
60000.0,69983.83343287412,-9983.833432874118,0.16639722388123532,0.8573408608368068
85000.0,100077.88388363001,-15077.883883630013,0.17738686921917662,0.8493385021893299
110317.0,123579.65944095366,-13262.659440953663,0.12022316996431795,0.8926792685709694
41000.0,76629.04351025601,-35629.043510256015,0.8690010612257565,0.53504517506489
41000.0,57323.7628094393,-16323.7628094393,0.39814055632778783,0.7152356717456914
180000.0,167968.76950496843,12031.230495031574,0.06684016941684208,1.071627782536537
165000.0,129010.35217738774,35989.647822612256,0.21811907771280156,1.278967131049506
29500.0,33270.79565086478,-3770.7956508647767,0.12782358138524666,0.8866634964058406
25000.0,47255.45878832511,-22255.458788325108,0.8902183515330043,0.529039409224326
27000.0,43951.08419059697,-16951.084190596972,0.627817932985073,0.6143193165136177
40000.0,56850.96942779247,-16850.969427792472,0.4212742356948118,0.7035939826990071
77812.0,74454.6619020456,3357.3380979544017,0.0431467909571069,1.0450923825612344
42000.0,56530.689551091666,-14530.689551091666,0.34596879883551585,0.7429592728042168
22000.0,1516.311019176821,20483.68898082318,0.931076771855599,14.508896738047461
120000.0,117094.57627747749,2905.423722522508,0.024211864354354233,1.0248126242468956
79000.0,110670.20150342774,-31670.201503427743,0.40088862662566765,0.7138326209476827
670000.0,767107.4916057854,-97107.49160578544,0.14493655463550065,0.8734108418071757
48000.0,67615.73017086039,-19615.73017086039,0.4086610452262582,0.7098939829342557
55000.0,62192.54138486902,-7192.541384869022,0.1307734797248913,0.8843504184792983
35000.0,21498.662895901216,13501.337104098784,0.3857524886885367,1.628008224021823
125000.0,90145.8619108013,34854.13808919871,0.27883310471358963,1.3866415756686272
760000.0,873696.6753863393,-113696.67538633931,0.14960088866623594,0.8698671076709044
47200.0,51076.99092776427,-3876.990927764273,0.08213963830009052,0.9240951579695187
65000.0,85849.1749434889,-20849.174943488906,0.320756537592137,0.7571418134511707
125000.0,108269.55049006392,16730.44950993608,0.13384359607948865,1.1545258979483013
1450000.0,1218136.3631260556,231863.63687394443,0.15990595646478925,1.1903429237420693
227000.0,187910.67850580532,39089.32149419468,0.17219965415944793,1.2080207564839751
110000.0,112550.88757555353,-2550.8875755535264,0.023189887050486604,0.9773356956084317
15000.0,6976.045378304203,8023.954621695797,0.5349303081130531,2.150215370824656
75000.0,103411.47130926217,-28411.471309262168,0.3788196174568289,0.725258030375616
65000.0,71477.79492736346,-6477.794927363459,0.09965838349789936,0.9093733244856494
290000.0,229632.51010184785,60367.489898152155,0.20816375826949018,1.2628873841573114
49999.0,57026.72268226315,-7027.722682263149,0.1405572647905588,0.8767643948010191
86000.0,97055.04534347769,-11055.045343477686,0.1285470388776475,0.8860950988755516
15000.0,33041.36690121237,-18041.366901212372,1.2027577934141582,0.4539763758820042
160000.0,120445.25299039691,39554.74700960309,0.2472171688100193,1.3284043665278928
325000.0,444895.2798602119,-119895.27986021189,0.36890855341603657,0.7305089865240119
25000.0,-1625.6418004538864,26625.641800453886,1.0650256720181555,-15.378541566180132
150000.0,104012.59138079257,45987.40861920743,0.30658272412804954,1.4421330918566044
265000.0,198851.93191575917,66148.06808424083,0.24961535126128617,1.332649863880948
186750.0,133593.25711763962,53156.742882360384,0.2846411934798414,1.397899894270499
25000.0,70494.36349914162,-45494.36349914162,1.8197745399656646,0.3546382825387794
107000.0,113616.7274470893,-6616.727447089303,0.061838574271862644,0.9417627351556075
44000.0,43509.67807704565,490.3219229543465,0.01114368006714424,1.0112692611075196
120000.0,131487.5864537426,-11487.58645374261,0.09572988711452175,0.912633680763591
85500.0,130672.37904952999,-45172.37904952999,0.5283319187079532,0.6543081301641576
115000.0,137106.87478175136,-22106.874781751365,0.1922336937543597,0.838761733742809
24500.0,-18549.00650174357,43049.00650174357,1.757102306193615,-1.3208254575627567
32000.0,64958.31949383489,-32958.31949383489,1.0299474841823404,0.4926235815419621
118000.0,123226.8896537762,-5226.889653776205,0.044295675032001734,0.9575832055125151
25300.0,62463.75801610804,-37163.75801610804,1.4689232417434008,0.4050348682747471
325000.0,420258.5522401145,-95258.55224011448,0.2931032376618907,0.7733334592898693
130000.0,120981.36126446402,9018.638735535977,0.06937414411950751,1.074545687379243
534000.0,587585.2324240615,-53585.23242406151,0.10034687719861707,0.9088043240926978
70000.0,87032.35643132025,-17032.35643132025,0.2433193775902893,0.8042985720516371
42000.0,42617.68380363632,-617.6838036363188,0.014706757229436162,0.9855063966760292
58100.0,48580.440270581574,9519.559729418426,0.16384784387983523,1.1959545791762431
50000.0,70668.13088808613,-20668.130888086132,0.4133626177617227,0.7075325096567603
65000.0,64501.05633912672,498.94366087327944,0.007676056321127376,1.0077354339477789
91000.0,108338.00885182446,-17338.00885182446,0.19052756980026878,0.8399637483135035
49500.0,53810.53040913306,-4310.530409133062,0.08708142240672852,0.9198942962212198
18000.0,36991.65576836388,-18991.655768363882,1.0550919871313267,0.4865962235568275
35000.0,55156.17061138968,-20156.17061138968,0.575890588896848,0.6345618198659452
230000.0,210120.07191409494,19879.928085905063,0.08643446993871767,1.094612227688713
70000.0,85294.32986043295,-15294.329860432947,0.21849042657761353,0.8206876132861464
90000.0,114019.96712833433,-24019.967128334334,0.2668885236481593,0.7893354319134399
42000.0,39552.536586086295,2447.463413913705,0.05827293842651679,1.0618787978006616
186750.0,133288.2908032817,53461.70919671829,0.28627421256609525,1.4010983175980678
118800.0,142581.90050591622,-23781.900505916215,0.20018434769289745,0.833205333765842
399000.0,447158.50782946916,-48158.50782946916,0.1206980146101984,0.8923010364641544
15200.0,14207.839371674112,992.160628325888,0.06527372554775579,1.069831914788109
17000.0,-7526.474535870395,24526.474535870395,1.4427337962276703,-2.258693617972102
175000.0,152430.3415177951,22569.65848220489,0.1289694770411708,1.1480653933952516
54000.0,74105.12716501867,-20105.127165018668,0.37231716972256795,0.7286945190681854
125000.0,118033.98424975503,6966.015750244973,0.05572812600195978,1.0590170347508152
70000.0,79888.52447575296,-9888.524475752958,0.1412646353678994,0.8762209648927208
41300.0,60448.180008885334,-19148.180008885334,0.46363631982773207,0.6832298341145966
100000.0,150578.8648251211,-50578.8648251211,0.505788648251211,0.6641038243722832
40000.0,65725.57892750873,-25725.57892750873,0.6431394731877182,0.6085910638249005
190000.0,135606.0347924019,54393.965207598114,0.28628402740841113,1.4011175851492845
90000.0,98118.6183261222,-8118.618326122203,0.0902068702902467,0.9172571071156148
132700.0,117241.48449222768,15458.515507772318,0.11649220427861581,1.131851925747299
42000.0,59402.68799973998,-17402.68799973998,0.4143497142795234,0.7070387117866425
274700.0,290829.8421491176,-16129.842149117612,0.05871802748131639,0.9445385589390537
190000.0,124851.1140487478,65148.8859512522,0.3428888734276432,1.521812612147097
100288.0,124115.2583900537,-23827.2583900537,0.23758832951154374,0.8080231335040821
102300.0,111980.15224050914,-9680.152240509138,0.09462514409099843,0.9135547501335928
160000.0,214944.62523473983,-54944.625234739826,0.3434039077171239,0.7443777662514933
38000.0,35492.19386019159,2507.80613980841,0.06599489841601079,1.0706579635422648
120000.0,116112.31761379668,3887.6823862033198,0.032397353218361,1.0334820841242203
150000.0,67929.93171658655,82070.06828341345,0.5471337885560896,2.2081576737898336
160000.0,128713.79608791288,31286.20391208712,0.1955387744505445,1.243067991644954
112000.0,91180.18784089971,20819.812159100285,0.18589117999196683,1.228337017636208
47500.0,64339.98455960161,-16839.98455960161,0.3545259907284549,0.7382656418886483
17000.0,13709.776344594022,3290.223655405978,0.19354256796505753,1.2399910525676348
